,Median of the Massdistribution in kDa,Sigma parameter of the Massdistribution,Volume fraction,Rate constant,beta,beta,beta,beta,alpha E,alpha E,alpha E,alpha E,alpha ES,alpha ES,alpha ES,alpha ES,alpha P,alpha P,alpha P,alpha P,alpha S,alpha S,alpha S,alpha S
,,,,,Estimate,0.025,0.975,p-value,Estimate,0.025,0.975,p-value,Estimate,0.025,0.975,p-value,Estimate,0.025,0.975,p-value,Estimate,0.025,0.975,p-value
0,31.9,0.825,0.0,k1_bwd,-0.014756171210216714,-0.01482171055800473,-0.014690631862428699,0.0,-0.00018996584195793604,-0.00031740920514364637,-6.252247877222574e-05,0.003488729188614917,-1.8917136047390552e-05,-0.00014651609543812956,0.00010868182334334845,0.7713486948317397,-0.0029360902263253575,-0.0029761556331515124,-0.0028960248194992025,0.0,-0.002936232106218257,-0.002976297513044412,-0.002896166699392102,0.0
1,31.9,0.825,0.0,k1_fwd,0.07313186029193425,0.07029297264001454,0.07597074794385396,0.0,0.010657803520008065,0.003544852797457719,0.01777075424255841,0.00332194060263805,0.005284152898253959,-0.0006355982686852574,0.011203904065193176,0.08019231414507644,0.00025562547653320324,-0.0014595320060210447,0.0019707829590874513,0.7701728035814398,0.004735628026615096,0.002870992987259395,0.006600263065970797,6.552938255951277e-07
2,31.9,0.825,0.0,k2_bwd,0.06879489446747342,0.06567525559138034,0.0719145333435665,0.0,0.0004810697173589064,-0.005599622877650911,0.006561762312368724,0.8767570754803089,0.001022833276443791,-0.004806323578638697,0.006851990131526278,0.7308794937759122,0.0065921456310595854,0.004600732531986803,0.008583558730132368,9.199771858057634e-11,-0.0002297661099860549,-0.0020041229285539352,0.0015445907085818254,0.7996239828674113
3,31.9,0.825,0.0,k2_fwd,-0.01475573622233773,-0.014821260556414551,-0.01469021188826091,0.0,-0.00018984095668022667,-0.00031726091126366433,-6.242100209678903e-05,0.0035042500839577925,-1.9128717712828388e-05,-0.00014670404194611398,0.0001084466065204572,0.7688220863238069,-0.002936230419786162,-0.0029762879304983106,-0.002896172909074014,0.0,-0.0029363680354143815,-0.00297642554612653,-0.002896310524702233,0.0
4,31.9,0.825,0.1,k1_bwd,-0.11735067173974212,-0.11750980719362973,-0.1171915362858545,0.0,0.0017081193975881557,0.0013964610712605362,0.002019777723915775,1.010670871476401e-26,0.003457177780224802,0.003142959364963012,0.003771396195486592,5.107549049430483e-100,-0.0035750086778206665,-0.00367250433467106,-0.003477513020970273,0.0,-0.0035643976661084947,-0.003661027189439328,-0.0034677681427776616,0.0
5,31.9,0.825,0.1,k1_fwd,0.26138249105802336,0.25774306162373894,0.26502192049230777,0.0,0.01979283936881296,0.011444523608127984,0.028141155129497934,3.4178551018951016e-06,0.013409498854565782,0.005409160991991627,0.021409836717139936,0.001022241315751523,0.0025114206446139094,0.0001594039906973664,0.004863437298530452,0.03637076265872756,-0.0001133873226313053,-0.002434735177091381,0.0022079605318287704,0.9237206003240055
6,31.9,0.825,0.1,k2_bwd,0.2543764245835605,0.25099681642864513,0.2577560327384759,0.0,0.0039282311125042775,-0.003278182021640745,0.0111346442466493,0.28530356057087336,-0.0028008537009369325,-0.008780312404231857,0.0031786050023579916,0.3585310487114792,0.0027550521965083656,0.0006993295382768804,0.00481077485473985,0.008628375557121233,0.00011628674659887599,-0.0018068299024400392,0.002039403395637791,0.9056472204117453
7,31.9,0.825,0.1,k2_fwd,-0.11734724715020078,-0.11750637937382932,-0.11718811492657225,0.0,0.0017108612667562154,0.0013992070851529786,0.002022515448359452,8.394885552936107e-27,0.0034597304524436184,0.0031455132559248455,0.0037739476489623914,3.6901506070610307e-100,-0.003575233185435539,-0.003672728598950005,-0.003477737771921073,0.0,-0.0035643954943902286,-0.003661024679037118,-0.003467766309743339,0.0
8,31.9,0.825,0.2,k1_bwd,-0.2803085488761447,-0.2805736905064133,-0.2800434072458761,0.0,0.0006472950673686662,0.0001287246738203154,0.001165865460917017,0.01443285678572307,-0.0001777238574740491,-0.0006964781654334133,0.00034103045048531515,0.5018659956694662,-0.004523846203125894,-0.004684577825174901,-0.0043631145810768875,0.0,-0.0045257456250006566,-0.004686477247049663,-0.00436501400295165,0.0
9,31.9,0.825,0.2,k1_fwd,0.4571833081263714,0.4537346506350341,0.46063196561770875,0.0,0.009665609791322423,0.0016549950602602163,0.01767622452238463,0.01804219894169375,0.002003758339968277,-0.005006284633949496,0.009013801313886051,0.5752706835055319,-0.0034743517039511904,-0.005637603590259723,-0.001311099817642658,0.0016484196211353406,0.0032169881358727072,0.0010289500670933207,0.005405026204652094,0.003961409266852012
10,31.9,0.825,0.2,k2_bwd,0.45764070236927157,0.45427795718121566,0.4610034475573275,0.0,0.010486467751046743,0.0030348342470102423,0.017938101255083244,0.005818393288020573,0.005680753204505199,-0.001116419006683092,0.012477925415693491,0.10139879649881268,0.004700371549560845,0.002538030639549408,0.006862712459572281,2.0592609146537365e-05,-0.002294808677418167,-0.004400427171041048,-0.00018919018379528552,0.03267825484794509
11,31.9,0.825,0.2,k2_fwd,-0.28030471024141096,-0.2805699314128192,-0.2800394890700027,0.0,0.0006525541358476652,0.0001338230421032428,0.0011712852295920877,0.013685685287982053,-0.00017608849542156057,-0.000694998385692966,0.00034282139484984487,0.505936736752699,-0.004523075048420206,-0.004683854780864871,-0.00436229531597554,0.0,-0.004524975218649788,-0.0046857549510944535,-0.004364195486205123,0.0
12,31.9,0.825,0.3,k1_bwd,-0.5458545195658431,-0.5462438817391709,-0.5454651573925152,0.0,0.0033191579810836827,0.0025563866662657755,0.0040819292959015895,1.7601988051894243e-17,0.002027015797445844,0.0012648386744233463,0.0027891929204683415,1.9050305716959695e-07,-0.006095476084530837,-0.006331562348294564,-0.00585938982076711,0.0,-0.006092042443633565,-0.006328128707397292,-0.0058559561798698385,0.0
13,31.9,0.825,0.3,k1_fwd,0.6871317192034304,0.6838051486578657,0.6904582897489951,0.0,0.00806990458590156,0.0008646205719753672,0.015275188599827752,0.02815768860429925,0.002201276216698385,-0.004432706273310612,0.008835258706707382,0.5154157618316545,0.00034945983648470387,-0.0017129613016907724,0.00241188097466018,0.7397821374481439,0.007218591060552426,0.005107293678549025,0.009329888442555827,2.2049630453630055e-11
14,31.9,0.825,0.3,k2_bwd,0.6845497882357027,0.6812018931404248,0.6878976833309806,0.0,-0.0011887964806190036,-0.007942633596877951,0.005565040635639943,0.7300696405128645,-0.007777414880116353,-0.014106698166894242,-0.0014481315933384626,0.01602967133302565,0.006853649770706091,0.004737658336056371,0.008969641205355811,2.2922906924492194e-10,0.0015936337106068274,-0.00041550932642278864,0.0036027767476364434,0.12001721489214011
15,31.9,0.825,0.3,k2_fwd,-0.5458582300738906,-0.5462475937868493,-0.5454688663609318,0.0,0.0033072878154746053,0.002544523933175881,0.0040700516977733294,2.282719767189387e-17,0.0020099316871636744,0.0012477547646953455,0.0027721086096320034,2.410073424640496e-07,-0.0060946952279682404,-0.006330781513212157,-0.0058586089427243235,0.0,-0.006091346275883347,-0.006327432561127264,-0.00585525999063943,0.0
16,31.9,0.825,0.4,k1_bwd,-1.0325139418924572,-1.0330753315288828,-1.0319525522560316,0.0,-0.00015248144954778733,-0.0012511111435558953,0.0009461482444603206,0.7855733657166231,-0.0012197739638351215,-0.0023195471768247115,-0.00012000075084553146,0.02972333462028505,-0.008334413364906909,-0.008675447998838537,-0.007993378730975281,0.0,-0.008333941504951564,-0.008674976138883192,-0.007992906871019936,0.0
17,31.9,0.825,0.4,k1_fwd,0.9569497754950622,0.9528092561529035,0.961090294837221,0.0,0.01230337984224113,0.004202455790939152,0.02040430389354311,0.002918374680257832,0.006781594605360833,-0.0013193294459411791,0.014882518656662845,0.10083357488382368,0.002048004065302051,-0.00046196243344909325,0.004557970564053195,0.10975381426632042,0.006951375599710611,0.004441409100959465,0.009461342098461757,5.84840830475268e-08
18,31.9,0.825,0.4,k2_bwd,0.9515050708982282,0.9474172746468341,0.9555928671496223,0.0,-0.0008492231513726953,-0.0088469945015906,0.007148548198845209,0.8351189092362079,-0.0037655772455492858,-0.011763348595767196,0.0042321941046686235,0.35605867279086223,0.008445365786661453,0.005967359817639651,0.010923371755683255,2.549453038771303e-11,0.0030944089087221616,0.0006164029397003612,0.005572414877743962,0.014392148946713269
19,31.9,0.825,0.4,k2_fwd,-1.0325122323483766,-1.033073613320221,-1.0319508513765323,0.0,-0.00013871997354144086,-0.001237332590075349,0.0009598926429924674,0.8045108628626607,-0.001202418341631488,-0.002302173932459335,-0.00010266275080364116,0.03212334274810646,-0.008337824279195579,-0.008678853312064326,-0.007996795246326831,0.0,-0.008337458329006247,-0.008678487361874994,-0.0079964292961375,0.0
20,31.9,0.825,0.5,k1_bwd,-2.2598148445280772,-2.260622571071593,-2.2590071179845617,0.0,0.0031565210652790728,0.0015762044811696138,0.0047368376493885315,9.104835930806097e-05,0.0013153091231342257,-0.0002650074609752307,0.0028956257072436818,0.10281469124876245,-0.009577222085289877,-0.010066862731025602,-0.009087581439554153,3.635191956962629e-293,-0.009584744692469617,-0.01007438533820534,-0.009095104046733894,1.3894412890915086e-293
21,31.9,0.825,0.5,k1_fwd,1.2469149526893548,1.2437249260498695,1.2501049793288401,0.0,0.0056173721794308545,-0.0006239133677650218,0.011858657726626731,0.07771862420089883,0.002214646977652477,-0.0040266385695433985,0.008455932524848352,0.4867104487385824,0.002420739006998922,0.00048695743672440696,0.004354520577273437,0.014153994308096583,0.0032333463940203994,0.0012995648237458855,0.0051671279642949135,0.0010515853740557337
22,31.9,0.825,0.5,k2_bwd,1.2464388920472886,1.2432761878848329,1.2496015962097444,0.0,0.004667554780231772,-0.0015202743541282687,0.010855383914591813,0.13927167639131613,0.002887002103562429,-0.0033008270307976102,0.009074831237922468,0.36043431441598817,0.003739503574709718,0.0018222847822753243,0.005656722367144111,0.0001326610489117287,0.0015014727991552526,-0.00041574599327914115,0.0034186915915896464,0.12477719517566617
23,31.9,0.825,0.5,k2_fwd,-2.259821984563829,-2.260629425014462,-2.2590145441131964,0.0,0.0031310574406502555,0.0015513005971245317,0.004710814284175979,0.00010312256703312848,0.0012952192562399045,-0.00028453758728582096,0.0028749760997656302,0.10805109934945582,-0.009573685025507435,-0.010063152242865822,-0.009084217808149048,3.703146950001859e-293,-0.009580335662219136,-0.010069802879577523,-0.00909086844486075,1.5819154773476426e-293
24,12.1,0.0,0.1,k1_bwd,-0.32699347003076057,-0.32721838606218945,-0.3267685539993317,0.0,-0.002360784032116191,-0.0027991449058954085,-0.0019224231583369737,7.236765785578564e-26,-0.0007940472066026057,-0.0012336612958731411,-0.0003544331173320701,0.0004014872363690034,-0.003954031041424901,-0.004090280220121151,-0.003817781862728651,0.0,-0.003950646164039377,-0.004086895342735627,-0.003814396985343127,0.0
25,12.1,0.0,0.1,k1_fwd,0.3173364856256555,0.31401064626046243,0.3206623249908485,0.0,0.002345121662072038,-0.004272523080362326,0.008962766404506401,0.4872806390566302,-0.0008429121488601628,-0.007051664349754606,0.00536584005203428,0.7901445438426502,0.0014048417950272337,-0.000562474279897124,0.0033721578699515914,0.16160851840489104,0.0030407230255710027,0.0009045609321919894,0.005176885118950016,0.005278357922349151
26,12.1,0.0,0.1,k2_bwd,0.31777998405409125,0.31369303417192956,0.32186693393625293,0.0,0.0037815758611033194,-0.0042145395681286325,0.011777691290335271,0.3539192547748441,0.00235536977106586,-0.005640745658166104,0.010351485200297824,0.5636660036774188,0.001797130911943233,-0.0006803619913871722,0.0042746238152736385,0.15508051395521813,0.0007164822680040029,-0.0017610106353264014,0.0031939751713344075,0.5707935388111343
27,12.1,0.0,0.1,k2_fwd,-0.32699019453465367,-0.3272151552681683,-0.32676523380113903,0.0,-0.002352149865579329,-0.0027906048283093386,-0.0019136949028493195,1.1101458181345306e-25,-0.0007859441515819386,-0.001225647760422682,-0.0003462405427411954,0.00046124857317124363,-0.0039523552942091235,-0.004088631838587483,-0.0038160787498307635,0.0,-0.003948938459795752,-0.004085215004174111,-0.003812661915417392,0.0
28,12.1,0.0,0.2,k1_bwd,-0.8159941507671722,-0.8163940134910135,-0.8155942880433309,0.0,-0.009435445550539344,-0.010226309513065933,-0.008644581588012755,1.0539129707540705e-116,-0.01061973562343443,-0.011415417729156515,-0.009824053517712346,2.724501856602875e-144,-0.005671138869239112,-0.005915062280283977,-0.005427215458194247,0.0,-0.005669262703112101,-0.005913186114156966,-0.005425339292067236,0.0
29,12.1,0.0,0.2,k1_fwd,0.6136652782600308,0.6099431690796966,0.617387387440365,0.0,0.010241697145518716,0.0020545527987026434,0.01842884149233479,0.014221010744742824,0.0012944699537022902,-0.006238113632798682,0.008827053540203262,0.7362211373112493,0.0008997922853854299,-0.0013941714201983837,0.0031937559909692437,0.44197117688337184,0.0032517391960899325,0.0009534261469594588,0.005550052245220406,0.005559945539568761
30,12.1,0.0,0.2,k2_bwd,0.610049049006087,0.6060622750658344,0.6140358229463396,0.0,0.0005485851527909395,-0.007251536095491402,0.008348706401073281,0.8903486836636696,-0.0016312400287480733,-0.00943136127703041,0.006168881219534263,0.6818506101911159,0.004156533578475927,0.001739766936127399,0.006573300220824456,0.0007516240632114996,-0.000687630186547074,-0.003104396828895604,0.001729136455801456,0.5770314676743242
31,12.1,0.0,0.2,k2_fwd,-0.8159873521510512,-0.816387368652888,-0.8155873356492145,0.0,-0.009422461023237759,-0.010213650332730645,-0.008631271713744873,2.618315515041272e-116,-0.010601053142774843,-0.011397074704750014,-0.009805031580799673,1.0699576479459964e-143,-0.005669394208262535,-0.005913415263644862,-0.005425373152880208,0.0,-0.005667412109051879,-0.005911433164434206,-0.005423391053669552,0.0
32,12.1,0.0,0.3,k1_bwd,-1.599766645952074,-1.6003080005153514,-1.5992252913887968,0.0,0.0125556943916211,0.011496534455503155,0.013614854327739043,2.7045239028210574e-115,0.01668172499597617,0.015622565059858227,0.017740884932094116,8.175573833520919e-197,-0.008378418642184169,-0.008706585643829885,-0.008050251640538453,0.0,-0.008392167837415199,-0.008720334839060914,-0.008064000835769483,0.0
33,12.1,0.0,0.3,k1_fwd,0.9400470856353399,0.9365440944595186,0.9435500768111612,0.0,0.006141411552074013,-0.0007121889561448299,0.012995012060292854,0.07903023746348764,0.0036962982718950176,-0.0031573022363238293,0.010549898780113864,0.2904428008269996,0.0034906900147982254,0.0013671905766460693,0.0056141894529503815,0.0012768104400878557,0.0066995538248841675,0.0045760543867320105,0.008823053263036324,6.56101184393569e-10
34,12.1,0.0,0.3,k2_bwd,0.9396221978236314,0.9359806572964419,0.943263738350821,0.0,0.009671569221193521,0.0025468969753394384,0.016796241467047605,0.007806923714489565,0.0020945535140624062,-0.005030118731791681,0.009219225759916494,0.5644318379044007,0.0076238720118526684,0.005416384503214485,0.009831359520490853,1.3866520932266221e-11,8.539570847498207e-05,-0.0021220918001632026,0.0022928832171131668,0.9395540706805703
35,12.1,0.0,0.3,k2_fwd,-1.5997566172011168,-1.6002979651239364,-1.5992152692782973,0.0,0.012575431589021632,0.011516284644956333,0.01363457853308693,1.2170673635885456e-115,0.0167087891987865,0.0156496422547212,0.017767936142851798,2.0563239322399907e-197,-0.008375887024428035,-0.008704050000654343,-0.008047724048201726,0.0,-0.00838948467902151,-0.008717647655247818,-0.008061321702795202,0.0
36,12.1,0.0,0.4,k1_bwd,-2.778289324427468,-2.778926058058615,-2.777652590796321,0.0,-0.0027796138416716805,-0.00402538287704681,-0.0015338448062965507,1.237548174038451e-05,-0.014567906629111269,-0.0158136756644864,-0.01332213759373614,2.3775168058344707e-112,-0.01092520998741317,-0.011311195403912731,-0.01053922457091361,0.0,-0.010927390137970387,-0.011313375554469946,-0.010541404721470828,0.0
37,12.1,0.0,0.4,k1_fwd,1.1638329635967621,1.1610875083015257,1.1665784188919985,0.0,0.011414161219821181,0.006042679288436477,0.016785643151205884,3.142190131487369e-05,0.005467293435941707,9.581150455699114e-05,0.010838775367326423,0.046052201747826454,0.002363478006133294,0.000699193831754966,0.004027762180511622,0.005385798030751547,0.0039401375608949995,0.0022758533865166724,0.005604421735273327,3.529268779528297e-06
38,12.1,0.0,0.4,k2_bwd,1.1635736640179202,1.1609220297577216,1.1662252982781187,0.0,0.0013685648851568524,-0.0038193562374382126,0.006556486007751917,0.6050873061802975,-0.0014728453652116565,-0.006660766487806717,0.0037150757573834042,0.5778696616077503,0.0022758792658734575,0.0006684690329896972,0.0038832894987572177,0.005525585459325662,-0.0002076862807803637,-0.001815096513664124,0.0013997239521033966,0.8000588007075627
39,12.1,0.0,0.4,k2_fwd,-2.7782657554143113,-2.778903090589146,-2.7776284202394765,0.0,-0.002777724897620546,-0.004024670852923911,-0.0015307789423171813,1.2783285502664275e-05,-0.014593386214499768,-0.015840332169803132,-0.013346440259196405,1.602139406736212e-112,-0.010912095630632727,-0.011298445700543783,-0.01052574556072167,0.0,-0.010914081739981651,-0.011300431809892708,-0.010527731670070595,0.0
40,12.1,0.0,0.5,k1_bwd,-3.6852083418101307,-3.6859055460260763,-3.684511137594185,0.0,0.00876125524013728,0.007397175535420926,0.010125334944853636,5.624622961922769e-36,0.0022803055424056515,0.0009162258376892967,0.003644385247122006,0.001054157162140962,-0.010767947412993133,-0.011190589859556265,-0.01034530496643,0.0,-0.01074672075790923,-0.011169363204472363,-0.010324078311346097,0.0
41,12.1,0.0,0.5,k1_fwd,1.2166863322911219,1.2141558918320194,1.2192167727502243,0.0,0.004503779780831553,-0.00044702572967777326,0.00945458529134088,0.07458102348606235,-0.00021324769415634673,-0.005164053204665677,0.004737557816352983,0.932711938854478,0.0013629730170100357,-0.00017097001152801931,0.0028969160455480907,0.08158565668055918,0.004047260593961899,0.0025133175654238455,0.0055812036224999525,2.37567443192392e-07
42,12.1,0.0,0.5,k2_bwd,1.21902082059392,1.216494639598753,1.2215470015890868,0.0,-0.0017632214628369343,-0.006705693334256604,0.003179250408582735,0.4843673947637581,0.0001688148033819406,-0.004773657068037721,0.005111286674801602,0.9466189281137701,0.0020542345731686795,0.0005228736148728895,0.0035855955314644692,0.008566043313257547,0.001040571442625867,-0.0004907895156699221,0.002571932400921656,0.18289141682470472
43,12.1,0.0,0.5,k2_fwd,-3.68521360632247,-3.685909622130659,-3.684517590514281,0.0,0.008743840323028114,0.007382085737502034,0.010105594908554193,5.879270983864848e-36,0.0022889199156931606,0.0009271653301670792,0.003650674501219242,0.0009890103283472782,-0.01075888230121648,-0.011180804339683421,-0.010336960262749538,0.0,-0.010737609560801331,-0.011159531599268272,-0.01031568752233439,0.0
44,21.1,0.0,0.1,k1_bwd,-0.2110005376458129,-0.2111694815518967,-0.2108315937397291,0.0,0.0022462220069409235,0.0019149249913238092,0.002577519022558038,7.586160788550762e-40,0.0022953314153278392,0.001964034399710725,0.0026266284309449535,1.6456764100086512e-41,-0.003862322595220005,-0.00396483075097764,-0.00375981443946237,0.0,-0.0038635207067125588,-0.00396603881022609,-0.0037610026031990275,0.0
45,21.1,0.0,0.1,k1_fwd,0.28562099678782604,0.28252127223037904,0.28872072134527305,0.0,0.01297548204118954,0.005843333689813121,0.02010763039256596,0.00036431731047103534,0.003979788515238187,-0.001933967287064211,0.009893544317540585,0.1871374080595388,0.0016205313642902643,-0.00021637874309954406,0.003457441471680073,0.08378392524335046,0.004801025767763334,0.0027680352213329657,0.006834016314193702,3.731903309740802e-06
46,21.1,0.0,0.1,k2_bwd,0.28656340954506127,0.28354730612372503,0.2895795129663975,0.0,0.016373251953876806,0.009046415836435052,0.02370008807131856,1.1998192165089033e-05,0.005762378639277801,-0.00024929939856876797,0.01177405667712437,0.06028465013186513,0.005513200745688165,0.003569552973843407,0.007456848517532923,2.7867991321968852e-08,0.0016685916435347258,-0.00014377165217615943,0.003480954939245611,0.07114987901241421
47,21.1,0.0,0.1,k2_fwd,-0.21099995012415756,-0.21116876556635042,-0.2108311346819647,0.0,0.002249586287984673,0.0019185069933948759,0.0025806655825744702,5.217228586113469e-40,0.0022984446735775793,0.0019673653789877817,0.002629523968167377,1.1426923737856597e-41,-0.0038628950073766443,-0.003965337779117827,-0.0037604522356354617,0.0,-0.003864558685811533,-0.003967001457552716,-0.0037621159140703506,0.0
48,21.1,0.0,0.2,k1_bwd,-0.5308095754857467,-0.5311039181291348,-0.5305152328423586,0.0,0.008234559095755881,0.007637269389749287,0.008831848801762476,2.216221695402139e-153,0.026718997010383393,0.026060066831138734,0.027377927189628053,0.0,-0.005150829672624822,-0.00533340794316629,-0.004968251402083354,0.0,-0.0051592793947092645,-0.005341857665250733,-0.004976701124167796,0.0
49,21.1,0.0,0.2,k1_fwd,0.5487253256336693,0.5446283611932551,0.5528222900740835,0.0,-0.004919031411167237,-0.012934740318682313,0.0030966774963478378,0.22902368562938125,-0.0020713352720946755,-0.010087044179609752,0.005944373635420401,0.6124806928678002,-0.0006714580334760151,-0.003155021722530764,0.0018121056555787337,0.5961382736359786,0.004111746096122047,0.0016281824070672976,0.006595309785176797,0.0011780623922677763
50,21.1,0.0,0.2,k2_bwd,0.5437297191795044,0.5401812794608688,0.54727815889814,0.0,-0.0032726895038810502,-0.010018979133898058,0.003473600126135958,0.3416586478040966,-0.01000868779828303,-0.01605832413247,-0.003959051464096061,0.0011874517576462346,0.007836259264767352,0.005733069646159839,0.009939448883374866,3.093547360727948e-13,0.0010596503930580424,-0.0009458752781848559,0.0030651760643009406,0.30035351469196797
51,21.1,0.0,0.2,k2_fwd,-0.5308108770369862,-0.531105222939864,-0.5305165311341083,0.0,0.008238038803136146,0.007640764888123741,0.00883531271814855,1.6442223843787962e-153,0.026723729747268495,0.026064874607253548,0.027382584887283443,0.0,-0.005150907970424227,-0.005333485375476813,-0.004968330565371641,0.0,-0.005159287178942025,-0.0053418645839946105,-0.004976709773889439,0.0
52,21.1,0.0,0.3,k1_bwd,-1.038635365891498,-1.0391471918381838,-1.038123539944812,0.0,0.018610242593153997,0.01759503475401793,0.019625450432290064,1.705823782041209e-260,0.018802053496802956,0.017786802558001354,0.019817304435604557,2.095473008550991e-265,-0.007875187021592246,-0.008186581736436285,-0.007563792306748207,0.0,-0.007900610252086817,-0.008212004966930857,-0.007589215537242779,0.0
53,21.1,0.0,0.3,k1_fwd,0.8567197063637744,0.8528026912193899,0.8606367215081588,0.0,0.006400793598326263,-0.0012628446002370718,0.014064431796889598,0.10161821966477536,-0.0005437111768401711,-0.008207349375403504,0.007119927021723161,0.8893936012411712,0.0006460861699715652,-0.0017283929653873157,0.003020565305330446,0.5937820606165747,0.006931116998446542,0.004556637863087662,0.009305596133805421,1.0939101850055758e-08
54,21.1,0.0,0.3,k2_bwd,0.8622640565788465,0.8587156758161187,0.8658124373415743,0.0,0.01613913977120774,0.00863051123971512,0.02364776830270036,2.5450969840297137e-05,0.013587543420205163,0.006489187302812941,0.020685899537597384,0.00017654513594649507,0.004061035938116235,0.0018714081449140215,0.0062506637313184486,0.00027915041436946103,-0.0019204252324478322,-0.004094674634222074,0.0002538241693264094,0.08341504889228825
55,21.1,0.0,0.3,k2_fwd,-1.0386367818587683,-1.039148644272044,-1.0381249194454927,0.0,0.018603918094177014,0.01758873330875938,0.019619102879594646,2.416075771099761e-260,0.018791206300702343,0.017775978800974885,0.0198064338004298,3.889366428907236e-265,-0.007875836802438876,-0.008187245899287272,-0.00756442770559048,0.0,-0.007901217966350339,-0.008212627063198735,-0.007589808869501942,0.0
56,21.1,0.0,0.4,k1_bwd,-1.9125041194241688,-1.9130386589415187,-1.9119695799068188,0.0,0.0004407335958688209,-0.0006050927062525183,0.00148655989799016,0.40876986030281426,-0.00529365301155117,-0.006339479313672511,-0.00424782670942983,4.6572849052207736e-23,-0.011308391123672518,-0.011632426871349409,-0.010984355375995626,0.0,-0.01128521672911804,-0.01160925247679493,-0.010961180981441148,0.0
57,21.1,0.0,0.4,k1_fwd,1.1712814867520427,1.1680635156057488,1.1744994578983365,0.0,0.008865655545048942,0.002569696584060966,0.015161614506036918,0.005787817520177758,0.0006829673974983949,-0.0056129915634895704,0.00697892635848636,0.8316086114089233,-0.001878671912700267,-0.0038293933328143086,7.204950741377444e-05,0.059080859781695944,0.00484816132547186,0.0028974399053578177,0.006798882745585901,1.1284000087275e-06
58,21.1,0.0,0.4,k2_bwd,1.1747209012405047,1.1715479968548812,1.177893805626128,0.0,0.01415670724162529,0.007948921375667516,0.020364493107583065,7.925774093273108e-06,0.00423440334382991,-0.0019733825221278636,0.010442189209787685,0.18121982925008917,0.0035455039257162825,0.0016221017982181738,0.005468906053214391,0.00030412706338480523,-0.001154210936605728,-0.0030776130641038376,0.0007691911908923816,0.2394947908510341
59,21.1,0.0,0.4,k2_fwd,-1.912497941525951,-1.9130322200534065,-1.9119636629984957,0.0,0.0004510416734916003,-0.0005942740020298144,0.001496357349013015,0.3976684410651472,-0.005293718874176616,-0.0063390345496980305,-0.004248403198655201,4.4338785446334486e-23,-0.011306494666043696,-0.011630372202675642,-0.01098261712941175,0.0,-0.011283706582333929,-0.011607584118965874,-0.010959829045701983,0.0
60,21.1,0.0,0.5,k1_bwd,-2.870029488400161,-2.8706273825248427,-2.869431594275479,0.0,-0.002421910485860452,-0.0035916900459869935,-0.00125213092573391,4.988795038023172e-05,0.006821300022317095,0.00565152046219055,0.00799107958244364,5.270726364582457e-30,-0.012799543267921694,-0.013161984328749756,-0.01243710220709363,0.0,-0.01279272086466667,-0.013155161925494733,-0.012430279803838607,0.0
61,21.1,0.0,0.5,k1_fwd,1.3299187387537996,1.3273290482160691,1.3325084292915301,0.0,0.0016632431193776206,-0.0034034851407523103,0.006729971379507552,0.5199201395191195,-0.0005868304126139048,-0.005653558672743838,0.004479897847516028,0.8203978407031507,-0.0008625158070473373,-0.002432375999621028,0.0007073443855263534,0.2815041466356649,0.002924994175910852,0.0013551339833371622,0.004494854368484542,0.000261573106707781
62,21.1,0.0,0.5,k2_bwd,1.332285331865771,1.3296740714413526,1.3348965922901894,0.0,0.008637758745219142,0.003528829012420245,0.013746688478018038,0.0009232251420988859,0.001818291696347854,-0.0032906380364510516,0.00692722142914676,0.4854020108165924,0.002553654283185492,0.000970718510353762,0.004136590056017221,0.0015710793247345675,-0.0008043244261573433,-0.002387260198989073,0.0007786113466743863,0.3192510492314879
63,21.1,0.0,0.5,k2_fwd,-2.869996359392791,-2.870594170179852,-2.86939854860573,0.0,-0.0023861649008194152,-0.0035557814109321755,-0.001216548390706655,6.41751979087179e-05,0.0068724211770574,0.005702804666944638,0.008042037687170163,1.956508773781069e-30,-0.01279951514027404,-0.013161905682165052,-0.012437124598383028,0.0,-0.012792908504392252,-0.013155299046283264,-0.01243051796250124,0.0
64,36.8,0.0,0.1,k1_bwd,-0.14918944352984756,-0.1493589920905716,-0.14901989496912352,0.0,-0.0018137438148146208,-0.002144193433875233,-0.0014832941957540085,9.115545869802435e-27,-0.003225130383559582,-0.003555757349209718,-0.0028945034179094463,2.853506535720417e-79,-0.0038892438970641527,-0.0039902946333132405,-0.003788193160815065,0.0,-0.004037230011460371,-0.004137553940055945,-0.003936906082864797,0.0
65,36.8,0.0,0.1,k1_fwd,0.26153416347553804,0.25792519292861493,0.26514313402246115,0.0,0.00545271468920253,-0.00281867544195277,0.013724104820357831,0.19629799425051198,0.0010690191988881057,-0.005901924941941368,0.00803996333971758,0.76371007851377,-0.0020984197780042047,-0.004232494932762345,3.565537675393523e-05,0.053951301029588096,0.003966579419359625,0.001787161377904683,0.0061459974608145665,0.0003625982595293578
66,36.8,0.0,0.1,k2_bwd,0.2649826222327306,0.26162837049066445,0.2683368739747968,0.0,0.01184264655452382,0.003980143194401924,0.019705149914645715,0.0031617215157079674,0.006364586003561356,-0.00039543526012948086,0.013124607267252193,0.06498726863143335,0.0040035137696384625,0.0018377938637609043,0.006169233675516021,0.00029253981426448247,9.037829532669356e-05,-0.001890389405642436,0.002071145996295823,0.9287300724656733
67,36.8,0.0,0.1,k2_fwd,-0.14919005778820008,-0.14935960613757815,-0.149020509438822,0.0,-0.0018132903133330231,-0.0021437399500056392,-0.001482840676660407,9.380644056877222e-27,-0.0032235898548522244,-0.0035542202687380148,-0.002892959440966434,3.3791428684588503e-79,-0.0038896488159893402,-0.003990701556909483,-0.003788596075069198,0.0,-0.004038167450358415,-0.004138495071271723,-0.0039378398294451075,0.0
68,36.8,0.0,0.2,k1_bwd,-0.35393344633112017,-0.35418136549660106,-0.3536855271656393,0.0,-0.00035773566108135424,-0.0008427878498105977,0.00012731652764788918,0.1482895871653661,-0.0026654722820587473,-0.0031517861255659866,-0.002179158438551508,9.99038199460835e-27,-0.005056157488097814,-0.005206508400461052,-0.004905806575734577,0.0,-0.005056111822552195,-0.005206462734915433,-0.0049057609101889575,0.0
69,36.8,0.0,0.2,k1_fwd,0.4962937923372577,0.492645626552874,0.4999419581216413,0.0,0.008026423747570894,0.00015490947816917955,0.015897938016972608,0.0456597586380945,0.0054715566061536765,-0.00186219825677323,0.012805311469080583,0.1436391887173852,-0.0013415485056297528,-0.0035892208806245973,0.0009061238693650918,0.24203082835745277,0.0036601094586798206,0.0013953049807324033,0.005924913936627238,0.001541317568908819
70,36.8,0.0,0.2,k2_bwd,0.4902531585778733,0.4869020746307847,0.49360424252496193,0.0,0.0006565777390336296,-0.005777091605649753,0.0070902470837170125,0.8414437775986602,-0.0008470317660362898,-0.00709644614703657,0.00540238261496399,0.790482930277449,0.008149593245058304,0.005969473468881433,0.010329713021235174,2.5904060313378876e-13,0.002130515196717134,0.00016844465117007556,0.004092585742264192,0.033322365044149954
71,36.8,0.0,0.2,k2_fwd,-0.3539298180912355,-0.3541776701927476,-0.35368196598972346,0.0,-0.00035390703039033227,-0.0008388294716176379,0.00013101541083697328,0.15256988822980794,-0.002661396847518447,-0.003147543829480884,-0.0021752498655560094,1.1444395222528298e-26,-0.005054582443786947,-0.0052048908466300545,-0.004904274040943839,0.0,-0.0050545779911416126,-0.00520488639398472,-0.004904269588298505,0.0
72,36.8,0.0,0.3,k1_bwd,-0.6991718529722052,-0.69956095661249,-0.6987827493319204,0.0,0.0020470337281606205,0.0012855464517388337,0.0028085210045824074,1.4059588219526184e-07,0.00034579242334947455,-0.0004155122281100234,0.0011070970748089724,0.3732892488574584,-0.007030602233588959,-0.007266385919394059,-0.006794818547783859,0.0,-0.007033746074739467,-0.007269529760544567,-0.006797962388934367,0.0
73,36.8,0.0,0.3,k1_fwd,0.7677976590277522,0.7639437347740295,0.7716515832814749,0.0,0.01799781021950672,0.009832885628094975,0.026162734810918468,1.5736274310063077e-05,0.007623342306422878,-8.052996815470937e-05,0.015327214581000465,0.052442741899921985,-0.007180605503544869,-0.009560753022051671,-0.004800457985038066,3.491028437647535e-09,-0.0005381980151812132,-0.002906045110466734,0.0018296490801043078,0.6559265006038777
74,36.8,0.0,0.3,k2_bwd,0.7683440804805162,0.7642996279830581,0.7723885329779743,0.0,0.015972776391067214,0.008059807074052941,0.02388574570808149,7.663193819299002e-05,0.012348069834912528,0.004435100517898258,0.0202610391519268,0.002228820043731705,0.0037446650214967665,0.0012929338652024015,0.0061963961777911315,0.0027621714363924924,-0.0009370764288621622,-0.003388807585156528,0.0015146547274322037,0.4537352325874915
75,36.8,0.0,0.3,k2_fwd,-0.6991752723991354,-0.6995645865755971,-0.6987859582226736,0.0,0.002043385474578354,0.0012814817532451849,0.002805289195911523,1.5026339226344008e-07,0.0003426919682277957,-0.00041902482499466714,0.0011044087614502586,0.3778475685096473,-0.007031349707635532,-0.007267259000694531,-0.006795440414576533,0.0,-0.007034606537226422,-0.007270515830285421,-0.006798697244167423,0.0
76,36.8,0.0,0.4,k1_bwd,-1.3139202382160864,-1.314388543794699,-1.3134519326374738,0.0,-0.004281635785774222,-0.005199946463396486,-0.003363325108151959,7.974857906566366e-20,-0.009901367613880108,-0.010826478392890849,-0.008976256834869367,6.04925359810066e-95,-0.009946200272419155,-0.010231193654066781,-0.00966120689077153,0.0,-0.00994069347971853,-0.010225686861366155,-0.009655700098070904,0.0
77,36.8,0.0,0.4,k1_fwd,1.0688938314951788,1.0651097368885165,1.072677926101841,0.0,0.01577525201821135,0.008371672786160354,0.023178831250262343,2.98947684411189e-05,0.006270841245828752,-0.0011327379862222584,0.013674420477879763,0.09688349860849782,-0.0015999299559998556,-0.003893833185509958,0.0006939732735102466,0.17159091927370737,0.004119444272262084,0.0018255410427519807,0.006413347501772188,0.0004336392296686422
78,36.8,0.0,0.4,k2_bwd,1.0703791984006492,1.0665119955943698,1.0742464012069286,0.0,0.015772415154992746,0.008206234771370152,0.02333859553861534,4.4280490982328276e-05,0.009007443368656408,0.001441262985033804,0.016573623752279013,0.019638471402231513,0.007283645130856385,0.004939362038441946,0.009627928223270823,1.1821672848320532e-09,0.00125406323743896,-0.0010902198549754807,0.0035983463298534003,0.29437505287101984
79,36.8,0.0,0.4,k2_fwd,-1.3139163111757313,-1.3143845573861577,-1.3134480649653049,0.0,-0.004274230179682229,-0.005192444224175017,-0.0033560161351894402,9.133336164555296e-20,-0.00989216882264343,-0.010817246679410239,-0.008967090965876622,8.771630822922078e-95,-0.009950239175030256,-0.010235207069060202,-0.00966527128100031,0.0,-0.009944810380124167,-0.010229778274154113,-0.00965984248609422,0.0
80,36.8,0.0,0.5,k1_bwd,-2.546068112954672,-2.5466171382273646,-2.545519087681979,0.0,0.0006359406090337832,-0.0004413564121000914,0.001713237630167658,0.2472362181644735,0.0026257025788977983,0.0015507842245459545,0.0037006209332496424,1.7144148528674542e-06,-0.011355738957892844,-0.011689080603248726,-0.011022397312536961,0.0,-0.011344738246287303,-0.011678079891643186,-0.01101139660093142,0.0
81,36.8,0.0,0.5,k1_fwd,1.3186743662959102,1.3159445826401501,1.3214041499516702,0.0,0.009902415259982384,0.004546035605059669,0.015258794914905099,0.00029204360409677366,0.00027818792145098414,-0.005066364872255955,0.0056227407151579235,0.9187320581000015,0.0009336275266477517,-0.0007237653485719689,0.0025910204018674723,0.26951996382163157,0.005101951453320267,0.0034445585781005465,0.006759344328539987,1.674254444233734e-09
82,36.8,0.0,0.5,k2_bwd,1.323218921000504,1.3204072054195466,1.3260306365814616,0.0,0.008729487518732156,0.0032123410952451846,0.014246633942219127,0.0019317377943420461,0.004612464325693191,-0.0008925002643052479,0.010117428915691631,0.10053475614813318,0.0009280780063924184,-0.0007790599791362089,0.002635215991921046,0.28659324266882297,0.00030582506080187137,-0.0014013129247267564,0.002012963046330499,0.7254664838269613
83,36.8,0.0,0.5,k2_fwd,-2.546071882616835,-2.5466203119866466,-2.5455234532470237,0.0,0.0006693803132307441,-0.0004067474276696235,0.0017455080541311117,0.22274974199901257,0.0027046301487280155,0.001630878492844396,0.003778381804611635,8.081223605452108e-07,-0.011354767672554882,-0.011687747514444057,-0.011021787830665706,0.0,-0.011342785401400657,-0.011675765243289832,-0.011009805559511482,0.0
